{
  "note": "merged synthetic sweep with n=100 checkpoint panel",
  "rows_written": 300,
  "data_source_counts": {
    "synthetic": 240,
    "checkpoint": 60
  },
  "n_values": [
    50,
    100,
    200,
    500
  ],
  "per_n_summary": [
    {
      "n": 50,
      "synthetic_expander_ratio_mean": 1.0000143291212267,
      "synthetic_expander_ratio_recip_mean": 0.999985922414656
    },
    {
      "n": 100,
      "checkpoint_expander_ratio_mean": 0.99983374498705,
      "checkpoint_expander_ratio_recip_mean": 1.00016692524707,
      "synthetic_expander_ratio_mean": 1.0000590600959898,
      "synthetic_expander_ratio_recip_mean": 0.999941018774948
    },
    {
      "n": 200,
      "synthetic_expander_ratio_mean": 1.0000187212749314,
      "synthetic_expander_ratio_recip_mean": 0.9999812994552715
    },
    {
      "n": 500,
      "synthetic_expander_ratio_mean": 1.000035856202137,
      "synthetic_expander_ratio_recip_mean": 0.9999641522679273
    }
  ]
}